Segment_ID,clean_text,y_val,y_pred,results
AmGocfFQfVE2,as most people know british establishment politicians will go to the most humiliating and revealing lengths to derail or to sabotage democracy in order to keep us imprisoned in a moneysucking antidemocratic federal dictatorship against our will,0,1,0
cKUPgzZu-Fk7,one of the other things is there is certainly seasonality with any retail business and most retail businesses fourth quarter is really key,0,1,0
761248, umm this right here has got some special features including umm an alternate ending which is pretty interesting we were watching that,1,0,0
TBwetweXRb46,we want to measure inequities in health and how theyre changing over time,0,1,0
216386, umm it is a really well made movie and a really well made uhh dvd collectors edition,1,0,0
3B1zIUj-k3o3,if you do not have jesus on the front of you then you will not bear witness for jesus you will not testify because you are too cool or you are too busy,1,0,0
KSyX-lejDcc2,we arent nearly sufficient in respect of clean sustainable forms of energy,0,1,0
TWMFQED1Myk7, minutes thats half an episode of jeopardy before you find out if the rover landed safely or if jawas had sold it for scrap parts,1,0,0
yCpHmPSshKY2,because  of girls and  of guys have some form of mental disease,0,1,0
314747, but almost to a point that was very funny,1,0,0
1124257, umm i i stutter love the storyline its so incredible its like anyone can cook,1,0,0
1362052, so those who are of course childhood fans i am as i suppose,1,0,0
4GYfmpEEtl414,thats just an explanation of what happens in that scenario,1,0,0
jZe-2w7pkd84,you want to distinguish yourself by doing pieces that directors have not heard one time many times in the past,0,1,0
3DgOMTs3A1E19, you are probably used to putting yourself behind your company coworkers and clients,0,1,0
VsXGwSZazwA8,so the information goes in is stored perfectly and can just be retrieved perfectly,1,0,0
922911, anyways ice cube plays this guy named nick persons who has just married the woman of his dreams suzanne and umm he wants to settle down so he buys a quiet suburban house to escape you know the hustle and bustle of you know the city life,1,0,0
GNP0PFas12Y21,i have this one one day class that i taught thirty four times,0,1,0
bNQkb4K5DX03,most of the certification exams last about  hours including scheduled breaks except for the cardiovascular disease exam which lasts about  hours,1,0,0
gjGL6YY6oMs5,they blasted the electricity generators which was providing electricity to the whole city of mingora,0,1,0
MbpPBLUjpV44,i hope that by using my nonbiased information so you can make an informed decision before filling out your job application form,0,1,0
dLmtsRyRH4s1,you have to have the light of salvation to know which is the true preacher and one thats a false preacher,1,0,0
dt641WxonBI3,the classes are mostly for people who just got out of high school and they need to do a twoyear program,1,0,0
NiAjz4ciA606, please be sure to reply otherwise well have to choose somebody else,0,1,0
2622266, let me tell you why,0,1,0
bBJ0BxmIocQ18, now this is extremely rare because it makes shareholders mad if you stop paying them so a company will only cut or eliminate its dividend is its facing dire financial straits,0,1,0
EiG3r8hAVeY6,they give it to people to help animals clean because supposedly its good at cleaning oil off animals that have been affected by oil spills,1,0,0
kiR5zVo2zvU7, it can definitely take the wind out of your sails if youve put money into an ad campaign for the first time or youve spent a lot of time on an email and youve sent it out to your huge list and theres no response or the response isnt what you wanted,0,1,0
DiOw-w5LDJ02,whether it be the environment of the school or the size of the program,0,1,0
RgubFcmvgDE6,its a natural process so how could that be cruel,0,1,0
fI9KptYFZeg1,i did feel more removed from them,0,1,0
G8aL3bM39co3,when challenges come along when things come along when challenges come along firstly i dont call them problems,1,0,0
G38DwNDQ8Cc21,when you read the above example your first reaction might have been to dismiss the neighbors debt as illegitimate and in no way your responsibility or your problem,0,1,0
GpRDC-S88dM8, in  id also like to watch  movies that ive never seen before,1,0,0
gPWyANEm0eE8,currently many ei providers are being forced out of business by a rate structure that seriously underestimates the cost of providing these valuable services,0,1,0
flv4by3RYVk4,other things that caught my eye dominos and ford are getting together on a pizza delivery with selfdriving cars,1,0,0
2274265, love sweet home alabama umm all those movies,1,0,0
Cd0JH1AreDw2,now think about how you would activate or perhaps neutralize these various forms of power,0,1,0
1303661, i dont have the box for it because i rented it uhh at uhh red box one of their kiosks,1,0,0
-3g5yACwYnA2,key polymer brings a technical aspect to our operation that we dont have internally,0,1,0
1k7br8xXMSU12,this is really beneficial because it also shows me what products are selling so for instance i want to put in a small order with a vendor i can try a new product if i see that customers are responding well to it its already paid for so by the time i have to pay the vendor off and that allows me to buy more of it,0,1,0
0JaYazphxfM5,however i feel it tastes better without onions because onions release water which makes the bhindi ladyfinger sticky,1,0,0
jLN6B0aSrW03,then we send that via bluetooth to your mobile and we portray your reactions in real time as your body is responding to those situations you can see it,0,1,0
PyQrAYl1bFs5,we make cards for the kids and it was a really good time,1,0,0
19279911, you know i love those guys but,0,1,0
19279915, i started doing other stuff,0,1,0
d38u9n5GOLM27,im thinking maybe end of october beginning of novemberish,1,0,0
0W4WsjhDgUI3,current history is dictating that the american dollar at which money market funds are based on is becoming worth less and less as inflation becomes worth more and more,0,1,0
lTfsqoo-jKg4,listen were here to help you,0,1,0
26444618, i think thats kind of refreshing actually because uhh i found uhh a lot of the homosexual movies focus too much on you know the idea that theyre being persecuted or that its so hard to be gay in todays society or you know theyre always looked down upon and they struggle through life,1,0,0
2575315, umm this is something that goes on with reasonable frequency umm especially in eastern asia,0,1,0
1021911, and uhh its just a great story so you have to continue the whole thing,1,0,0
QYp0lGhyL6A6,so my advice to you if you must take this drug is to take it in a very short period of time and certainly dont repeatedly take this drug,0,1,0
3oHPsYc8bmw9,to invite to win the global warming problem with recycling,1,0,0
b86B3hP8ARM5,traders and bond dealers have gotten together with mutual fund companies and actually bundled up various offers for various municipalities with high specialties,1,0,0
6q5uKCgairk13, she and i think the idea of the media fellow really is more than a supplement to,0,1,0
z8bWG2z-bMM5, at derma clinics we look at the holistic health of your skin,0,1,0
5oEuiBPUTYc6,in fact  of buyers and  of sellers are getting connected to their real estate agent through the agents own marketing and your own relationship nurturing,0,1,0
9cSJglGi9Pg4,in the end mrs hutchinson gets the black spot and is stoned to death as per tradition of the lottery,0,1,0
702807, you know jimmy stewart relies on the people around him and his girlfriend to kind of investigate and figure out what was going on,1,0,0
21361911, but check it out its called hostel part one because there is a part two now,1,0,0
UeOIb6s0pVM3,im a very motivated worker and fast learner,1,0,0
TWMFQED1Myk6,it landed on mars and it took  minutes for a transmission from the rover to get to earth,1,0,0
damyXH7mBic4,and ultimately they start to take on some bills and responsibilities of their own,0,1,0
dZK01jhM27k5,doesn’t it make sense for the guardian to maximize a person’s selfdetermination by empowering that person to use supported decisionmaking,0,1,0
ROcTx5VEn7o11,so from contribution margin we subtract fixed costs and that equals our operating income this is the same operating income that we have when we use the multistep format,0,1,0
2HP4KedfmSc3,in the s they started buying works by emerging artists artists who werent known but actually went on to become some of the giants of the modern art scene,0,1,0
GTGtVdAuyRc10,were not talking about just going into your local starbucks and talking to everybody there,1,0,0
1087936, gist of the movie is mandy moore and jim i dont know his real name umm ill just call him jim for,1,0,0
2097751, academy award for best picture winner of twothousand and two which it definitely should not have won,0,1,0
2887665, both in the directors chair and as an actor,0,1,0
Ua4g9q0r-dI31,thats my thought about preparing for questions that you know youre going to get,0,1,0
TH32jop4FiI15,former republican florida governor charlie crist has apologized for his past support for a ban on marriage and civil unions,1,0,0
he475nnmMi016,there’s another video where we talk about the differences between exempt money and nonexempt money and how to deal with that and followup with that video to see how to deal with that  of now nonexempt money,1,0,0
Xe-keAcLge02,and he must be trained to handle the wide variety of annuity products that are out there,0,1,0
CVx494kExvc6,and in canada sobeys is the first supermarket to offer customers a seafood traceability system,0,1,0
2672551, i have a stutters movie review for a mike meyers new movie called the love guru,1,0,0
2QXHdu2zlQY2,there’s a lot of real labor there’s a lot of real capital that goes into the game,1,0,0
2622261, all right first of all tyler perry quit making stuff,0,1,0
KRje7su4I5U4,i could hear people in the audience saying “what did she say,1,0,0
2097586, umm this movie is is stutter definitely hilarious,1,0,0
0K7dCp80n9c8,so do it right away dont wait until the problem arises use rust out,1,0,0
1675215, but basically this movie it was more xxx than your average action movie,1,0,0
19811210, uhh definitely something to check into,1,0,0
24418019, and they did pretty good special effects with the demons and things like that,1,0,0
16752112, the action scenes were my favorite parts though,1,0,0
9127611, clears throat the scenes are really well done,1,0,0
8413322, and like i like colin farrell,1,0,0
PmemTgQHagk2,and this is because theres plenty of multinational companies out there crying out for graduates that speak two languages,1,0,0
20158211, he had a barrel chest and spindly legs,0,1,0
NZtIGzAzJZM2,but as response men bloggers argued by telling it aint misogyny due to which it is receiving so much dislike,0,1,0
PoKZEKOf1dA1, if you dont have them dont worry about it well take care of it,1,0,0
C03473pYcRM6,but the video also prompted discussion about other subjects as well such as language variety in english and other languages and daniel kutzev michele patel dolors gea valor and many others have had great discussions with lots of things to say about that,0,1,0
KQ86HmgwUns5,so you have to take a look at the documentation and read the perspectives to make sure that it truly would be for your situation and your residency free from federal state and local taxes,0,1,0
Ua4g9q0r-dI5,usually i spend more time on the prehearing in that meeting than the actual hearing lasts but i want my client to be prepared and there are certain things that you are always going to be asked,0,1,0
5qxZFmIaynE30,some items such as ammunition can take only a few minutes however some ships can take weeks to build,0,1,0
TYJzg5IJN8o10,what we will prohibit is anyone who has lobbied on an issue  in the last year from working on that issue during the course of the transition,0,1,0
lo0R1mvjDT82,we didn’t have such experts who know both about financial institutions and technology but we have an expert who knows about technology a lot,0,1,0
kM6wo2bb3nw4,because youve got to be aware of foods in nature like celery that contain sodium even though they are extremely good for you and come unadulterated so to speak theyre still going to have some sodium in there,0,1,0
21061812, umm just its its stutter a hilarious movie,1,0,0
ZjsQqd6KZIg5,but unexpected was the softer confidence on services which fell quite sharply,0,1,0
343464, what it does is that after you die it takes all of your memories that were downloaded on a chip that was implanted in your brain,0,1,0
2380631, i like to tell you about a movie i saw recently,1,0,0
SzJf6viBWBg4,it really depends on the interest rate that youre paying on that student loan debt,0,1,0
2987748, umm i was just really impressed with this movie and i recommend it to many people,1,0,0
1162131, summer here and if youre looking for a fantastic dvd at a value price that everyone in your family can watch well why not try pay it forward with haley joel osment helen hunt and kevin spacey this movie takes you through the journey of a child who learns lifes lessons and it might just leave you crying in the end,1,0,0
5qxZFmIaynE24,if the ‘start’ button remains red then hover your mouse over it for a tooltip that will let you know what is lacking,0,1,0
Vlas-mPydcg19,they are literally on the bottom shelf  in a corner and theyre hard to find,0,1,0
2575348, and you know they promise to get her her stutter passport her visa all the necessary papers umm obviously in exchange for services,0,1,0
QJCDZCllSYQ4,and so it’s something that every single advertiser we’re talking to is doing in a big way now,0,1,0
0bxhZ-LIfZY4,education health care all these critical if not dealt with and kept to the last will turn india into less of a superpower than it can be,0,1,0
2136198, so if you can get past that its not that bad,1,0,0
PQYmOknHA4c4,you can sign up for this even if youre not in the classroom,1,0,0
nZFPKP9kBkw2,and then i think within the organization giving people the opportunity to try new and innovative approaches and make mistakes even,0,1,0
XwOdPYlyqXA4,and she working with if shes working with another teacher they should work together on the plans so that they both agree and know what the plans are going to intel for that particular day,0,1,0
22742616, a look at the women behind vanity fair,0,1,0
2212744, umm the premise isnt anything too far fetched out of a wacky simpsons episode and the postmodern uhh references within it to uhh movies like titanic and umm other references or nothing more than something you might expect from a halloween special to the shining or something like that,1,0,0
jcQi90n008o4, so it seems kind of crazy that at this time of year after we just started the new year that we are already talking about next year,0,1,0
897474, umm you know throughout he you know the love interest andie macdowell falls in love stutter continually tries you know to get into the bed you know although he only has an actual day to do it because he keeps starting over,1,0,0
898351, at the same time jackie chan is known for his martial arts special effects action flicks,1,0,0
23923512, umm definitely cant go wrong with this one,1,0,0
7ifnoHhrMtA4,the problem with that is what are you looking at right now,0,1,0
jICmfLeFymA9,if your spouse is not willing to sign or cannot be located we can file a complaint action,0,1,0
PyQrAYl1bFs9,it makes me feel really good but its not just me that feels good its the kids at hospital and thats whats most important,1,0,0
ueCWy7aTmyo1, what this means is that what used to work for seo and what used to work to promote websites to get them to beat their competition no longer is helpful,0,1,0
9709529, its a good story to it uhh,1,0,0
10185113, but the stutter but you know they did pretty good on the graphics,1,0,0
OmWVs0-6UM2,going through the situation with people of the same age meant that i felt more comfortable  i was at ease in dealing with living in such a different culture,1,0,0
BaX10vbFhuU1,lets think about introducing variety into how youre rehearsing your monologue,0,1,0
24738214, its directed by ang lee an excellent director umm of uhh comic book type movies,1,0,0
2987742, i would give it a five star rating,1,0,0
kRs39SO-neY17,if you kill them with kindness if you take their challenge as a valid point and have a short conversation with it and ill talk about this more later in another series then you will seem like youve taken the high road,1,0,0
gzYkdjNvPc14, but today if you want to stand out online you have to be different and how many instagram followers you have sort of overrides what your peers think of you,0,1,0
2193102, you know im a huge fan of both the stars matthew mcconaughey and christian bale,1,0,0
9cxlcpbmrH07,and this is important because he’s not saying that it’s so but the boy does defend that it is possible though not likely,1,0,0
Wfn7XvSEwUA7,what i did not know about her was that her dad was one of the founding partners of simon amp,1,0,0
bdtwQxwySN011,when we lead someone to jesus the demons scream they absolutely hate it,1,0,0
4Fw9TbWIVJI8,but have a good sense of what is on that page how it flows the order in which it flows,1,0,0
IHp8hd1jm6k19, the main thing to understand is what is the story you want to tell first get the elements of that refine that,0,1,0
23405321, theres sexual stuff going on,1,0,0
26190012, she has a very active imagination in this one,1,0,0
7idU7rR77Ss3,and star bertrand has also revealed that he is working on further plans to help,0,1,0
1287631, this is the uhh special edition dvd,1,0,0
MpuWcGn2Lcg5,she was she was super like aware of everything,1,0,0
fWOIAxzBQFY5,i am a programmer whos spent a lot of time in the trenches,1,0,0
jPf0LjZAS144,many americans are rejecting the white picket fence and the kind of highly privatized life that happened within it and reclaiming village life reclaiming interdependence instead,1,0,0
5wpCKY2U1NE4,are they perhaps focusing the entire speech on their notes,0,1,0
3DgOMTs3A1E10, second find out how others see you,0,1,0
XAazxiP6tP04,these patients are doing their part,0,1,0
18834310, uhh we uhh enjoyed seeing the uhh the subtitles uhh versus the the stutter dubbed voices dubbed american voices uhh and how the dialogue uhh differed from the subtitles on the screen,1,0,0
BdqoZ5qpz0E10,our regular clients noticed the longer turnaround time for their cases,0,1,0
HUOMbK1x7MI1,someone might feel that the answer was revealed to him in a dream,0,1,0
JHW3nD6flgU3,even if it means waking up early and getting on that bus to get to work,1,0,0
H4RysMUSQD84,just you know seeing the joy after i have handed out the books,1,0,0
1A-aRhYx-GQ5,i could reach the backboard jumping off of one foot with two hands and i could also touch the rim when jumping off of one foot with one hand but still i was nowhere close to dunking,1,0,0
7eWclVCXOtk7,return to the original topic immediately,0,1,0
PtdK-TLOuD04,despite the increased demand for new technologies to improve efficiency businesses must find new ways to cut costs as they invest in new capital,0,1,0
yEtfjJOMMCs13, for example if you suffer from chronic pain you want to be able to concentrate and focus on what the judges asking you at your hearing and you want to be as comfortable as possible,0,1,0
1118816, andy dick george carlin and sigourney weaver just to name a few,1,0,0
707103, it has subtitles in english and french and it also has not one comedian on it xxx i cant find it but it has comedian on it but xxx pretty funny on tv a lot,1,0,0
4026011, but uhh he tongue in cheekingly uhh claims that hes going to run for president,1,0,0
9818713, umm i actually might need to watch this now that saddam is actually no longer on this earth because you can probably kind of picture saddam being down there with satan you know,1,0,0
KI2sU-mhM4414,weve got a republican party that consistently blocked refinancing any of the student loan debt,0,1,0
29877415, i mean it just shows you right there and,1,0,0
OctOcfI4KSs2,well generally speaking i think they should have that right however there is a concern about identity,0,1,0
juI9KoLA87A18,add that with  neurosurgeons who i genuinely like and the answer was obvious,1,0,0
520688, now myagi and daniel are kind of on opposite ends,0,1,0
ShgrdU9WAJE14,we do certain things promotion wise that are different from other stores,0,1,0
lTfsqoo-jKg1, atom one report of a suspicious female,0,1,0
2411645, and so umm along the way they encounter all these different scenarios and you really see umm a very realistic glimpse of what the war was actually like the end and stuff,1,0,0
MIqL9OXszRw1,so i just wanted to pass this stuff on to you and maybe make these videos a little more entertaining,1,0,0
VsXGwSZazwA1,forensic psychology is concerned with all aspects of crime in a criminal investigative procedure,0,1,0
2257709, the girl in this movie did a really really good job,1,0,0
P3QEOJWxXI86,we would have done emr regardless of the incentive payments,1,0,0
7HVhnSYX1Y12,if youre hosting a fashion show team up with local clothing retailers and shoe stores,0,1,0
R9ypacCuEZo7,we had a professional development for our staff on how to deal with students who have lived in trauma who have experienced trauma,0,1,0
0hCOCt6fWas20,the fact that everyone wants to imitate it giving you a lot of affordable alternatives,0,1,0
901725, matthew mcconaughey plays a american group of survivors kind of show up and the two of em basically have kind of a dominance leadership fight while trying to fight the dragons,1,0,0
UcV-bpksJi04,theyre going to look for the best price the best deal they can get,0,1,0
fT6SrlsWV7M3,generally there are four things asic must prove for any insider trading case,0,1,0
hI7ObFqn9Bg7,and this is where having a correct financial adviser who is aware of those ever changing platforms they can keep your money moving in a right direction,0,1,0
N0GhVkCwrqw12,so a small accordion sometimes you can get lucky get one for twenty bucks certainly fifty sixty eighty bucks isnt too bad for a small medium size one,1,0,0
WmQF5RmbsVQ6,now there are specialty lenders out there that do these construction or permanent loans so my suggestion is to go to your local bank or perhaps search online for construction loans and you will find lenders that do these loans for the construction period and also find lenders that will do the loans on the lot,0,1,0
ExDLNkDVsxY8,so that means theyre deaf,0,1,0
1280596, you know the people the people stutter who get this you know jessica albas a good actress too but uhh he just you know gives a pretty decent performance or worthwhile performance you know a bunch,1,0,0
22437022, thats a good john woo nicholas cage movie,1,0,0
QVyxySAaehE11,you enter in a zip code and youre given all of the contact information for your legislators both on a state and a national level,0,1,0
kh6eynD9OIk10, yeah that we had to give it,1,0,0
23806312, they actually had grendel as some really ugly monster and angelina jolie as a gorgeous mother who would make grendel look like a sweet heart because she was so evil,1,0,0
ggbV7YeSl7k8,you can teach them these tactics go over role playing exercises again when you find them saying something perhaps inappropriate on the phone or not very professional just point out,0,1,0
2o2ljA0QD7g12,but figure out a way where you have a little bit of legal advice for the film as the process develops,1,0,0
G4HMKRdIva06,i don’t think that i am perfect and in fact no one is good and no one is perfect but the condemnation that sends people to hell is not that we are not perfect or good but it is that we never got right with jesus and repented of our sins,0,1,0
1124253, i saw the previews in theaters six months ago uhh i looked at my friend and said look were seeing this,1,0,0
CZigX1ntOsI6,that is changing though because recently the cost of taking the ged suddenly doubled,0,1,0
228214, umm my parents have both seen this uhh multiple multitudes of times in actual like play form,1,0,0
LcfubBagG6Q2,amy pham there is a verifiable style revolution happening at oakland california right now,0,1,0
cOcNe3L4VAg13, by having all of these platforms integrated were able to see where we can automate processes to help streamline and create efficiencies,0,1,0
n5MU2-GFjo81,theyre overly concerned about being judged and they develop physical and psychological manifestations of their anxiety that are so extreme that they avoid social situations,0,1,0
ddWHTdJz2O81,quality of service  percent fees  percent ease of use  percent and interest rates  percent represent the biggest impact areas that banks need to address,0,1,0
Ve-mmCM8TI06,and if there are ties put that number in and resolve the ties in left to right order,0,1,0
1129032, and umm i think this movie was a perfect representation of that,1,0,0
bWunvAd96zI7,overall i enjoyed this middle grades contemporary romance,1,0,0
27262415, so once again if you if you stutter enjoy just popcorn movies like even journey to the center of the earth if you like that uhh you might want to check this out,1,0,0
28876616, umm eastwood was great in the movie,1,0,0
OKSx1zxHGpQ19, they remember that conversation,0,1,0
2333562, umm i stutter you know i was thinking okay diane keaton uhh uhh queen latifah katie holmes how bad can it be you know diane keatons awesome and queen latifah is totally cool and katie holmes shes cute,1,0,0
2839352, this movie is this movie is pg thirteen thirteen yes umm uhh this is starring touched no stutter thats not him im sorry uhh it is uhh brought to you by jerry bruckheimer films and touchstone pictures,1,0,0
HJTxq72GuMs9,for instance you can build in cash transfer programs to be given with the condition that the recipient continues to have girls and boys stay in school,0,1,0
560063, uhh event horizon its a really cool concept actually event horizons actually uhh the point in space in which you cant get sucked or which outside of you cannot get sucked in to a black hole,1,0,0
26685225, so and in the first scene they have shown that something is happening to the city,1,0,0
Uc-0G7RRxoY15,dont ever worry about staring people down youll know if youre staring people down because theyre they start to back away or they look away,1,0,0
2078121, its got uhh kirsten dunst and jay hernandez and its a really good movie,1,0,0
OFBc3z99bIc14,they ended up giving me  over wholesale for that diamond,1,0,0
1075511, i got this movie because uhh i like horror movies every now and then and it says from the writer and director of saw,1,0,0
26190033, and if you have a daughter or a son who is probably under the age of ten i think theyd love it because theres some imaginary creatures,1,0,0
HLFaW4oVP9E2,that means you have to report it edit it shoot it all by yourself,1,0,0
IKXWSNf4m2k3,are you sending too much information have you gone on and on,0,1,0
2065075, umm i i stutter found one thing about this movie that i thought was kind of interesting how umm these record companies put uhh subliminal messages in music to push products to get people to buy certain things,1,0,0
7hSWYI99-246,but god’s grace is so amazing how he just comes in and he brings healing and he brings restoration and he brings teaching,1,0,0
XKyumlBmix88,okay good now stop right there,1,0,0
OiMkqEH5WeE1,a k is a governmental retirement program designed to allow working employees to put away money for retirement and not pay any taxes on the growth of that money,0,1,0
j7fRIGphgtk5,so we came up with a radical almost insane idea,1,0,0
2345879, the dvd is in color,0,1,0
6003711, and you know he lives this day over and over and over again,1,0,0
zrFZAofNGi413,i think maybe we need to change our system the way we educate people,0,1,0
2726243, i believe the last one was actually in twothousandone or twothousandthree,0,1,0
1228421, this is my favorite of all the star wars movies,1,0,0
897478, umm this is an all around great movie and you know it does have a bit of uhh you know philosophical vibe to it you know as far as you know should approach life but it doesnt really take itself too too stutter seriously,1,0,0
kCQqLNiO0mk16,two futures we have one the state does its role with a balanced budget we get to that future,0,1,0
4CKhrjuuofk1, and so youre saying things like youre not saying you should or you cant anything about them,1,0,0
zwRBZisdpQ04,there are three sections on the pert math reading and writing,0,1,0
102239, its uhh you know just get three then go on to five,1,0,0
Fmwc7wkIc4Q8, but if you are a monopoly you get to set your own price unlike the perfectly competitive firm where you take the market price because that isn’t the market dictating you,0,1,0
560066, umm so its a really cool concept in terms of the uhh the science behind it and then you know what happens if you were to get closer,1,0,0
2904412, but umm other than that i think theres a commentary and theatrical trailer but thats about it,1,0,0
26216525, i think this was the last one that uhh that me and my friends in uhh pittsburgh pennsylvania watched before i moved to chicago,1,0,0
kjQAkrdbREk1,as a brisbane girl it was extremely devastating watching the recent queensland floods and it’s also hard to know just how you can help out,0,1,0
252719, its its stutter like four days where theyre just in stasis and the camera moves around occasionally,1,0,0
NYuY6HVjMZQ6,the answer is “no” most candidates fail to pass the certification exam because they think they have completed related material and course now they are ready to win the title,0,1,0
FX-YgVKC1AI5,but personally i recommend that you try to go directly to these companies to cut the middleman out,1,0,0
IM6HW1HwHhM17,and if thats the case then we need you to carve out some time every single week to move you forward,0,1,0
G38DwNDQ8Cc20,the people however continued to lose their jobs and houses anyway and here we are still in a deep recession,0,1,0
hF6kFQPdBjY4,if you follow this link or go to our additional resources section you will find a document that tells you exactly which types of documentation you will need to provide as proof of income and employment,0,1,0
2709564, from the trailers it looked uhh really action packed and exciting and umm kind of like a fairy tale with a darker side,1,0,0
DZIFCYOhosQ5,in the ensuing days and weeks many of us have overdosed on posthoffman email with demands and counterdemands for change and accountability in our leadership along with recriminations and accusations about what has happened,0,1,0
yEtfjJOMMCs14, another thing you should do is do not be afraid to ask the judge to change positions if you are uncomfortable,0,1,0
1942997, i thought oh this is going to be funny and good,1,0,0
22534312, uhh but take a look at that stutter alternate ending,1,0,0
Vlas-mPydcg17, so if theres anything inside your own house that is difficult  to move then i would highly recommend putting these on the  bottom of that furniture or that bin or that basket,1,0,0
793561, absolutely fantastic movie made by kevin costner it won seven academy awards back in nineteen ninetyone and if you havent seen this movie then where have you been because this movie is fantastic,1,0,0
yEtfjJOMMCs16, just ask the judge first prior to adjusting your position,0,1,0
2448291, its me danny ericson and im here to talk to you about the film currently in theaters the golden compass with nicole kidman dakota blue richard and daniel craig uhh the list goes on,1,0,0
6003710, he replays the day over as if nothing the day before had happened,1,0,0
26769410, uhh he goes off and fights crime against like this guy called the hourglass,1,0,0
ZKZ8UjaQQT47,remember the drew carey show mimi always had the troll dolls but the thing to remember about that is there is a difference between personal items and items that are just to personal,0,1,0
1258459, umm ive also seen it at target so you can buy it there for about the same price,1,0,0
447804, it was very well reviewed and liked by the critics,1,0,0
fT6SrlsWV7M11,but at the end of the day the evidence we uncover needs to stand up in court,1,0,0
2LpVvLemgvw4,but you need to go no matter what your personality type is,1,0,0
2612676, like i mean all disney stuff everything,1,0,0
36750616, so i really recommend this movie,1,0,0
HanACduNJk2,in scotland and in the netherlands there can also be a verdict of not proven which counts as an acquittal,0,1,0
CXvUdCdKTJY4,needed more knowledge and more understanding,0,1,0
CbQxC1iPyS89,and although crowd sourcing has been again maybe overdramatized and things as an innovation i think theres a reality of how people work together and come up with solutions fundamentally different than what they come up with on their own,0,1,0
faXGVcVcVsE6, the next thing you should know is to look in detail at the side effects of the drugs,1,0,0
805664, and they are almost an american icon,1,0,0
CO2YoTZbUr05,you see something fall from the sky,0,1,0
374591, umm this is a sciencefiction movie made by the same director of the movie equilibrium which was an excellent movie,1,0,0
Rt9rN1ntS3E2, it is a scripted musical comedy which features a lot of totally normal things the least of which is this magic coffin,1,0,0
1k7br8xXMSU3,there are a lot of different ways to find merchandise there are trade shows for every different industry that you can attend meet a multitude of vendors in that industry and find out all of the different products that are available,0,1,0
FvoZgWvc3gc1,one of the problems that retailers have is their  becoming a commodity,0,1,0
uITHY4LORDs2,what that means is announcing to your audience or repeating to your audience or going over and over again to your audience hey im going to tell you a really funny story thats setting you up for failure,0,1,0
1107542, as you can see there hes the little dude holding well kicking the basketball or whatever you wanna say,0,1,0
23405322, definitely a good movie for adults though,1,0,0
48u68AzcWvE10,do i believe that peter and mary are indeed the last pope and his wife,0,1,0
lpF-yBYou0s6,if our companies cannot get the best talent they will not succeed,0,1,0
1981129, one of the best comedies out there of our age as opposed to like those other comedies that are actually really stupid with just bad bad stutter jokes and what not,1,0,0
WAXJRnJXmOA2,so you go to the doctor and um youre not feeling well,1,0,0
32728312, this movie gets you so it makes you think you know,1,0,0
2553383, uhh went to see this with my younger sister,1,0,0
gjGL6YY6oMs1,so thats what is happening in the courts of pakistan,0,1,0
7ifnoHhrMtA14,the other side of the question what to wear is its got to be comfortable,0,1,0
416924, so by this time anna has of course fallen in love with him,1,0,0
4GYfmpEEtl46,when they end the order they may have a lot of extras left over,1,0,0
1021913, theyre just uhh great dvds,1,0,0
GAVpYuhMZAw10,if youre struggling with a borrowing capacity then maybe going with the lender who takes all that rental income into account might mean that you can borrow more money i do suggest that you always go and speak to your mortgage broker about this because he will have access to all the lenders they know all the criteria and they can help you out,1,0,0
JOK1SSmPtFw13, you can’t stop it and return so make sure you are ready when you begin,0,1,0
290446, umm it was really more of a psychological drama kind of movie,1,0,0
WXKgBIiP8IA7,” he lives rough and never has to go to school and is pretty much the envy of all the other boys,1,0,0
2QXHdu2zlQY6,i think in any given year we’re looking at roughly  or so in terms of the cost of actually putting on the game,0,1,0
26444612, however one time he goes into a bar and he meets this guy and his name is stephen who is exact opposite,1,0,0
XKyumlBmix84,so im going to do one more pass,0,1,0
YLK58srjhNI3,i think it may have been the first offbroadway production ever and it became a big success then – in a much worse production than the original one but they were passionate and they really were terrific,1,0,0
1A-aRhYx-GQ32,so if youre still thinking on whether to buy the jump manual or another product that youre looking dont look any further,1,0,0
j1m6ctAgjsM24, and then all of our oneonone meetings happen weekly on mondays as well,0,1,0
L0WUuWYNeCo5, in truth all that its really doing is providing them with a place to store their money whilst providing them with minimal returns,0,1,0
bNQOeiAotbk8, situation task action result,0,1,0
8085516, let me open this again cause this is this always amazes me,1,0,0
12805916, i mean its not that bad as far as that goes,1,0,0
07Z16yRBFUQ6,so be mindful of your risk tolerance the younger you are the more risk you can assume and as you get older make sure you pare back on the risk,0,1,0
12284211, and harrison ford returns as han solo and this is just uhh a really awesome movie,1,0,0
0JuRmhhgMw87, the course elaborates on the dynamic nature of our constitution as a living document and concludes with the underlying philosophy of the constitution of india,0,1,0
cY8DcaHXNNs5,and in a matter of an hour i was able to get hundreds of suggestions for products and questions about car care needs from women all across the country,0,1,0
lD4xtQ6NpDY4, i went down to this warehouse on the edge of newark airport called wakefern and applied for a job and i became a teamster,0,1,0
HOCsiS0pmf06,well theyre only affected by all of those factors and more,0,1,0
QWzIJuhLLrc1,obviously there is a fair number of issues that have to be resolved,0,1,0
DpZGnuj-BA85,once again we are very sorry and to show how sorry we are up next super junior with the song sorry sorry,1,0,0
-9y-fZ3swSY4,i’ve seen this in us or in the us,0,1,0
8x81fzwcJko4,i think some of the newer online players pure play online have literally been like dominating that space,0,1,0
HFPGeaEPy9o2,some argue that people who receive welfare benefits cannot spend their benefits rationally,1,0,0
b86B3hP8ARM11,using annuity bonds those are known for short as a strategy,0,1,0
2010058, umm its interesting that steve martin is an an stutter attorney or lawyer but he wants to be a magician and umm lily tomlin umm is a spinster and i dont want to give away too much of the plot but she ends up being inside of umm her spirit becomes inside of umm steve martin and thats where a lot of the interesting things in the movie come in,1,0,0
UvniNGPyeBc4,not just businesses but any organization any nonprofit any government any idea any content that needs to be global needs to deal with language,0,1,0
hSEfYcIjIr42,through his reports back to the parliament that makes the system overall much more accountable,1,0,0
HJTxq72GuMs10,in the more medium term i think how to change cultural values and traditions become s a much more longer term issue but having role models having girls understand that their self esteem should not just be measured by that fact that theyre married and having children needs to be changed,0,1,0
20975810, hes going through all these different things,1,0,0
yDIFWzOBjXc30,we also changed the functionality of the  cancel option when in the middle of a task,0,1,0
2452432, umm somehow they found a way to make each new iteration of the day uhh different fresh and it never gets boring in fact uhh as you go on you wait more and more to see uhh the familiar scenes play out in a different way and thats a lot of that credit goes to the script a lot of that credit goes to bill murray uhh and andie macdowell for keeping things fun,1,0,0
2221165, should be rated more if theres rating more than that,1,0,0
27317115, theres a lot of explosions and a lot of violence and uhh the action is pretty good but all in all i kind of miss the plot,1,0,0
OiMkqEH5WeE6,so its a very large penalty and definitely not want to tap your k as an emergency cash resource because it will not only put your retirement funds back but it will actually cause you to lose money,0,1,0
URP2YlSNuZ46,thank you for watching this clip and enjoy some of the others i have,0,1,0
MCRCXXPqFOI6, and this is actually a result of longer term policies on those countries,0,1,0
84042, i thought it was just gonna have lots of umm lots of blood lots of violence and thats all it was gonna be about,1,0,0
2JY5HXBWO8423,and you know go into bankruptcy and losehave to sell off and lose the land and so on,0,1,0
kU6YY2z7z0I5,on entitlement reform we have already started down that path with the affordable care act obamacare,0,1,0
jscKL5jS-SQ1,we would learn the reason we do not hear from god clearly is because of all the distractions and all the noise of our culture,0,1,0
26190034, theres a little bit of action,1,0,0
WXKgBIiP8IA5,” and he did pigeonhole it for about six years but then he returned to it in a frenzy of allday every day writing,1,0,0
8Lmqsakmw3M5,and they will be really impressed to see disciplined and consistent saving habits even if its just a small amount youre putting away every month,1,0,0
lbx3eu8LUl81,basically home equity loans are secondary loans made to the principle mortgage,1,0,0
8EHEEXex5D84,i have read the report and the numerous emails on several listserves,0,1,0
2160973, in it an astronomer discovers a planet and its moon are in a direct collision course uhh with the earth,1,0,0
3fhCxePBuZY13, these are the sort of problems we deal with every day,0,1,0
AlJX3Jw3xKk3,and when they do that they dont have to pay taxes on the money,1,0,0
326815, umm the only time i did laugh was at the the stutter pretty dirty stuff which they usually dont put in movies but i mean that was pretty funny to me,1,0,0
1121486, if youre a fan of the original hostel you might wanna check it out,1,0,0
KB5hSnV1emg12,there is no best choice between interstitials that deliver cpc or cpi,0,1,0
CPjbogfLHR418,i dont know if its just the forestry world but ive really and enjoyed it and am comfortable here at the school of forestry,1,0,0
F2hc2FLOdhI1,so three toddlers with identical plastic toys but with very different reactions to failure,1,0,0
2380639, umm actually i this in college a very long time for so long that you began to hate it but then i look back and i kind of understand why it was important to learn about it,1,0,0
Dq7V30WhOJQ1,now a peer review is review of someones performance or someones work and it is someone who is on your level or a peer,0,1,0
Cd0JH1AreDw5,ill just tell you quickly about two stories drawn from recent headlines,0,1,0
AGFgaKPzjMQ3,science backs it up toonbspthe study had couples sleep together one night and solo the next while researchers measured their brain waves to assess sleep quality,0,1,0
foXArPhK0xY1,though they dont stir up any feelings yet its enough to make my cheeks puff up,1,0,0
YF3mDOuF46M7,mentorship is priority number one being an example,0,1,0
2h9VVQUZjK08, in the digital age though technology has made the corporate seal obsolete,0,1,0
VCIe-4p0xoM17,and in fact were now seeing the birth of political advertising agencies that have digital at their heart,0,1,0
3gA34VxBijI1,now take this quails and then apply the masala all out just into the gashes just apply,0,1,0
gr9YU-UTJzQ15,so much of it is dependent upon what youre actually attempting to sell,0,1,0
9cxlcpbmrH03,the boy continues to describe the different types of fish that might visit mcelligot’s pool,1,0,0
GUffC7vu9zA41,but dont under estimate the value of face to face selling,0,1,0
ViyQVpGW05w4,this legal session will focus on illegal discrimination in schools and classrooms,0,1,0
03X1FwF6udc19,something thats going to be save its going to be liquid,0,1,0
-9y-fZ3swSY1,it’s so nice by giving a good example and not directly comparing it to a lady,1,0,0
SI39azgVUR83,i was very self conscious about my body especially around men and my self esteem really plummeted,0,1,0
29417818, it was okay,1,0,0
GkoBk5K-FH011,if we did it together certainly if we did it with a partner like youtube not only would it have a colossal audience it would be a completely different audience,1,0,0
NVLPURuAVLU7,also if you find bloating is just not relieved with any of these definitely consult a physician and see if maybe theres other alternatives that you can take to help you with bloating,1,0,0
0K7dCp80n9c13,its really designed for well water because thats the kind of water that typically will have an iron problem,1,0,0
2416292, or uhh uhh you may also know her from the movie knocked up,1,0,0
2JY5HXBWO8420,i always viewed it as a great attempt or thought behind it was great,1,0,0
-egA8-b7-3M23,things could shift and that customer could change the type of cases that he or she is handling,0,1,0
LJGL2sGvSS06, there was no one to provide that service at that time,0,1,0
SxbTZjZD0vU5,you need to get close to the root,0,1,0
301628, so you know ill take it if you if you stutter want to go back down through memory lane to see movies that were done back in the eighties this is obviously an eighties type movie,1,0,0
fWOIAxzBQFY12,we will cover topics like listening for incoming connections requests  receiving data from a client and sending data back to a client,0,1,0
2702541, as always bam movie ticket right there,1,0,0
HJTxq72GuMs6,and especially during this crisis  where poverty rates can go up incomes will come down,0,1,0
he475nnmMi07,i’m going to talk about two which are probably the most common,1,0,0
nZEPf7a8GbI4,approximately  of all unemployed workers have been out of work for at least six months,0,1,0
yxZydS2qHzs3,well for you to save face and not be or to certainly help your absolute mortification that nobody laughed at your joke come up with something funny,0,1,0
1977781, id like to take a minute to tell you about one of my favorite movies the silliest ive ever seen,1,0,0
CHh6hWo1AFE1,but in the buildup to an election whats happening is that youre getting called on the phone and being asked to give away your valuable personal information,0,1,0
2688367, night shmamalan or something like that,1,0,0
9cxlcpbmrH06,throughout the story the boy uses “might” quite a bit when describing the different types of fish that could be connected to mcelligot’s pool,1,0,0
7BFhRPlSOf01,the author first distinguishes the two types of perception,1,0,0
uXYAfpQUYVE16,we see clerics scholars women young people all pushing back online and offline to discredit hateful ideologies,1,0,0
J3-NEG8uoiE23,and most humans wouldn’t be able to survive in the wild especially since we’ve modernized ourselves to the luxuries of technology and civilization,0,1,0
2mWPHvbKzL82,a recent survey shows that  of consumers read online reviews to determine the quality of a local business,0,1,0
761241, uhh this umm you can call it pretty much an exorcism movie,1,0,0
6aoTjlvo0js5,again in some states its perfectly allowable to do this in other states its not allowed to do this and so what you first need to know is can i do this in a state that i live in,0,1,0
-3g5yACwYnA3,were a huge user of adhesives for our operation called flocking and we dont have the technical inside compounding or the technical expertise to do these types of things,0,1,0
2153189, obviously starring britney spears umm taryn manning and zoe saldana,1,0,0
OAV6KKf60bQ7,now the flip side is if you are engaging with somebody who has a higher status,0,1,0
Wfn7XvSEwUA9,but i wanted to get a little bit more into her head and her writing,1,0,0
JKueLneBoik3, not that running but there will be campaign booths question and answer and skits and speeches,0,1,0
GOj7TBcEA8E4,i would also like to extend our appreciation to our distinguished panelists who are with us to share their insights advice and recommendations,0,1,0
nZFPKP9kBkw4,there’s certainly many things from our heritage in creative development that continue to be very important lots of discipline and clarity of strategy are absolutely critical as well,0,1,0
1001785, umm all names that should be familiar with kids and some adults and so this kind of makes the movie have wide appeal,1,0,0
CzstrpOTtgo3,its just so competitive theres so much talent and youre just not going to be fit right,1,0,0
2078122, its umm primarily targeted towards like the teenager kind of audience but the cool thing about this movie is that it has a really cool soundtrack,1,0,0
27v7Blr0vjw5,faculty member similarly could serve that way on an academic affairs committee great opportunity to expand the interaction between board members faculty and students and enrich the discussion of those committees with the kinds of perspectives that you need in committee work,0,1,0
7hSWYI99-244,he will teach us through experiences that we went through not that he brought on this experience,0,1,0
j1m6ctAgjsM14, they have weekly company meetings,0,1,0
26190016, and what happens is nims father goes out to sea to do a experiment,1,0,0
f-ZNjqLlrm41,for the last four years ive been teaching english through the internet with the company in taiwan and i was pretty much in a rut,0,1,0
RqOgkJbqFXg5,but we think that if we do not do something with quality education right now we will not be able to overcome the challenges that were facing right now,0,1,0
923319, and they all also know martial arts,1,0,0
25777114, but the special effects are great historically accurate no,0,1,0
1583710, but uhh yeah for me hilarious funny,1,0,0
5206821, okay,1,0,0
3j94B0pzSVs16,in light of recent events i furthermore intend to create a division of human rights within apa reporting directly to the president,0,1,0
bdtwQxwySN08,people have also accused me of laughing or smiling saying that i am prideful and i make fun of others who are in sin this is also a lie,0,1,0
OAV6KKf60bQ9,or in this scenario this example that we have here we have a drill sergeant and one of the cadets,0,1,0
luQfWSfb1s016, you can find more examples in the list of courses on this site,0,1,0
UcINGGuysBE8,i guess what i tell parents is that school will continue to build these skills,0,1,0
944814, umm the the stutter battles is theyre perfect,1,0,0
67uKYi7mslE2, one thing we are constantly talking about with that end of the practice is we don’t want patients to have surprises,0,1,0
2411723, uhh this is origin stutter uhh basically uhh movie release in japan uhh in twothousandthree and this is a remake umm,1,0,0
CdB8QBhFccs1,anyways then they come back and what do they tell me,1,0,0
AB1PbMaW03s14,in order to shut down the arduino the calculator first had to tell the arduino to go into restricted mode,0,1,0
11188114, umm rent it if you must umm i would,1,0,0
537667, they are not really autographed by they have their signatures on them from geddy lee and alex lifeson and also has a uhh great little booklet of photos with uhh other trinkets it thrown in like stickers uhh stutter and a replica of a backstage pass so you can pretend that you were ever at one of these concerts,1,0,0
PRZ4VhESz1A6,through this course i learned it was also my responsibility to work with the campus disability office and the student,0,1,0
84043, well it turns out this movies actually really really good,1,0,0
5qxZFmIaynE4,once you have a blueprint for a rifter you will need to find a location capable of manufacturing it,0,1,0
TwTLsgfpKvA4, ill be heading up the lipidomics core,1,0,0
8NPaDkOiXw43,but their very support of such characters could lead to a decline in women’s social status,0,1,0
GpRDC-S88dM16, so thats just something id like to do,1,0,0
228217, it is very well done,1,0,0
jLN6B0aSrW01,so we pick up on that,0,1,0
nDXKvarLEOM3,so it creates an environment of overall dissatisfaction,1,0,0
1306338, uhh i recommend watching it in the dubbed uhh not the dubbed but the subtitled version uhh just to get the the stutter entire effect the entire feel of it,1,0,0
3fhCxePBuZY7, two you need to arrive to court on time,1,0,0
2160976, so they give all their money to him,1,0,0
4026016, uhh but a glitch is discovered early on in the movie but instead of fixing it they create this big uhh this big conspiracy story to cover it up,1,0,0
JDgqyOkzXHw1, being a conservative is what i consider myself first,0,1,0
L0WUuWYNeCo14, we seem to take more pride in material objects such as insuring our cars our homes even our iphones rather than the ones that we love or worst still our own lives,0,1,0
HabvL0VnrQ8,now as your case progresses to trial and once youre at trial we have to put on whatever proof is necessary to prove your case,1,0,0
FphtHpVV-7w3,but jesus said that either you need to make the tree good and its fruit all good or you need to make the tree bad and all its fruit bad even if it looks good it is a deception and its fruit is really bad,1,0,0
d8BR6hsvzoY2,you can try on the clothing in the changing room a room for trying on clothing,0,1,0
MKShLlJ7X7g4,while listening to his classes i can see what they mean by collegeteachers in high school,1,0,0
JvgofTcCSEc29,our customers come in with their dogs and i dont need dogs lifting their leg and peeing on merchandise throughout the store,0,1,0
PQYmOknHA4c12,i mean your school your classroom if youre in a church it could be in your church,1,0,0
2644181, playing over my shoulder is this movie,1,0,0
cn0WZ8-0Z1Y2,i mean who even survives this novel,1,0,0
jqKzaEniiKo10,theres nothing you can file with the certificate of incorporation that says its an s,1,0,0
k4T6GaDrcjs7, im pregnant season one introduced us to the squeakyclean quinn fabray,0,1,0
kCQqLNiO0mk2,we have a real budget crisis that were facing here in pennsylvania,0,1,0
2274263, umm i love reese witherspoon,1,0,0
7idU7rR77Ss5,“i don’t want to say too much but things are ongoing,0,1,0
Wrcf2xtqbkQ9,the mladic trial is in its pretrial phase so theyre debating how exactly the trial will take place exchanging evidence,0,1,0
jcQi90n008o2, at this point in time our students are going to begin the registration process,0,1,0
4GYfmpEEtl41,have you ever gotten a promotional product invoice that was for a quantity more than what you ordered,0,1,0
12573011, its a very high action movie and you know you could go along with most of it,1,0,0
12284212, check it out if you havent seen it,1,0,0
2572776, however i must admit that the choreographed dance scenes are uhh quite a sight to see and theyre really top notch,1,0,0
TXCXFYIc3Yo2,and the lord reminded me of this recently when my wife daughter and i went out shopping,1,0,0
9Un1O2ypJmI1,ive seen business owners like you save many thousands of dollars by spotting hidden waste in their business and by just making a few improvements,1,0,0
7IxmlIwqigw14,so the whole advent of fees and what we you know nickel and diming customers to kind of squeeze a little bit more out of those that were flying,0,1,0
8pvMpMdGM410, but one of the things that his parents said to joel and i said hey if you sleep over saturday night we go to church early on sunday so we really want you to come with us and so you know i started to build trust in them and so i was like all right ill ill go with you and it was really interesting because this was the first time that i had been to a church experience where it was very engaging and very very real,1,0,0
J3-NEG8uoiE21,we tend to have a romantic sense of what the wild is like for animals but the reality is that animals in the wild are either looking for food or trying not to be food for something else,1,0,0
jgNu58Da9cs1,and i think thats what sort of drove my interest just to try and bridge that difference,1,0,0
7IxmlIwqigw13,and then around that time because the industry was really in dire straits what people were looking for is how do i raise some incremental revenue or ancillary revenue on top of the main airline ticket that i buy,1,0,0
3DgOMTs3A1E13, what are your strengths in which areas do they see you as irreplaceable third identify your goals,0,1,0
2125321, this is a review of good luck chuck,1,0,0
65kkuNV921k13,they invest money to buy access and influence or because of deeply held beliefs,0,1,0
yyToAEoUuek3,moving up we move into a bigger world of risk perhaps mutual funds and stocks,0,1,0
kDyK9VGfLW81,when you get in the habit of saving money youll find that you have accrued larger amounts of money and therefore you want to find a place to make that money work for you as you have worked for it,0,1,0
ZUqTWOx9jYU8,im dan carlson thats how to stop a simple urinary tract infection,1,0,0
AcoRjVPIVmQ3,but i liked it because of the plot not because of those sections,1,0,0
2246318, umm our perception is our day in and day out world is real,0,1,0
28876614, he was funny and very uhh gruff and umm hard to love which makes him likable,1,0,0
C03473pYcRM11,you might remember that in week one we had a facebook clinic and this week weve had a blab with several of you joining us live to ask your questions,0,1,0
2217408, again its stuck on you the dvd movie starring greg kinnear and matt damon,1,0,0
5i6AgQSjXO44,the most fulfilling result of the work that scientists and researchers do is coming close to knowing how the natural world works,0,1,0
EpadyoYlAjQ3, and while i have your attention we are still on a mission to raise  dollars for escuela de artes y humanidaddes luis terror diaz,0,1,0
888883, it was interesting and it wasnt just there uhh to to stutter throw in as much action as possible,1,0,0
27v7Blr0vjw4,for instance we dont necessarily recommend the students serve as voting members of the board because of conflict of interest concerns but students could be a wonderful asset on the student affairs committee and can serve as full members of the committee and vote on proposals that will come before the board but arent voting as full board members when the resolutions of the board are passed,0,1,0
f-VdKweez2U4,entrepreneurship is about spotting a problem spotting a need and figuring out how to address that and then how to convince those people with that problem with that need that you have the solution,0,1,0
1258453, umm steve martin uhh and bonny hunt do a great a job acting steve martin is hilarious as ever umm but it wasnt the best family movie in the world,1,0,0
2266407, the namesake does tackle a serious topic and umm it does a good job portraying life although kind of depressingly as our main character umm struggles in life to find out who he is and how he fits in,1,0,0
OEOkmrKvTUo1,what i want to talk to you about now is narrative long form,0,1,0
0hCOCt6fWas8,it takes some hunting but you could get a new or hardly used granite countertop for half the price of a new one,1,0,0
bj9e8w4vNxo14,not too slow where it becomes boring but not so fast where we cant understand you,1,0,0
VbSsGRXIwjc2,male speaker  now last seasons finale  i mean its not a person of interest season finale if root is not there right,1,0,0
Olx-sTx7HTk1,but i want to tell you that you need to do a character section for every character in the play,0,1,0
PyQrAYl1bFs2,and its a dance marathon that sponsors duke and north carolina childrens hospitals,0,1,0
OORklkFql3k15,there too we were assured that inspections and verifications would prevent a rogue regime from developing nuclear weapons,0,1,0
faXGVcVcVsE5, uou always want to see if theres any changes in the patients condition which can tell you whether theyre improving or getting worse,1,0,0
L1eFHRQGFeg4,i had to learn english even though i would say english is my native language,0,1,0
3odZe3AGilc2,for me officership is not anything about me and what i can offer but its all about what god can do through somebody like me,1,0,0
IOpWjKAHG8Q3,and one thing i heard today is think about businesses that you really need to stay open during and after a wildfire,0,1,0
-9y-fZ3swSY7,the better way to use this or the better word to say is excuse me ms excuse me mam,1,0,0
JKueLneBoik4, were going to build a clover,0,1,0
juI9KoLA87A15,well it turns out that when my parents came from india in  they moved to ann arbor,1,0,0
1118818, this is rated pg so you can watch this with your kids,1,0,0
36750611, umm i loved the fight scenes usually im not a huge fight scene fan in movies but it was really great and had you sitting on the edge of your seat so i really did like that,1,0,0
T4e4Ba1sRg09,we consider the use of chemical weapons as a threat to international peace and security and we will continue to consult and keep the situation in syria under close review and nato continues to assist turkey and protect the alliances southeastern border,0,1,0
RImmdklTOW015, and thats my opinion,1,0,0
20282614, until next time,0,1,0
8413316, umm i mean a ton of really cool people are in here,1,0,0
GkoBk5K-FH034,the millennial audience the younger audience and a progressive audience,0,1,0
615317, actually its one of the greatest one of the greatest cartoons ever made,1,0,0
2333896, umm big west was before my time and i can see her appeal and what she meant to the audience and why men were intrigued by her uhh and as far as frank frank stutter capra goes he has made much better movies after platinum blonde,1,0,0
1121696, rupert grint who is probably only one of the good actors in the series,1,0,0
1258957, so if my brothers watch it you know its a good movie,1,0,0
2029901, uhh id like to state that this is michael clayton who is the fixer of uhh court cases and not michael clayton the wide receiver for the tampa bay buccaneers,0,1,0
IHp8hd1jm6k11, you know back in the day in tv  if you watch local tv  and the lead of the story would be the who what where when why and how,1,0,0
bcns0Gu66D83,one is the first debate she clearly had a strategy to get under his skin and was very successful at it,0,1,0
761249, audio commentary from the director and deleted scenes and also a music video by natalie imbruglia,0,1,0
WXKgBIiP8IA1,which it is but it is also much less interesting,1,0,0
8716114, but from that jennifer love hewitt is the main reason i got the dvd to watch and uhh shes looking cute and uhh shes looking pretty good so,1,0,0
1362111, live free or die hard and obviously this is starring bruce willis and of course i forget the rest of the characters i always forget names but live free or die hard is exactly what it sounds like,0,1,0
9iRncKVM2PA1,however we are encouraging all sides to take appropriate steps so that there will be no misunderstandings no miscalculations that could trigger an environment that would be antithetical to the maintenance of peace and stability,0,1,0
kU6YY2z7z0I7,and in doing that we reduce the cost of health care we reduce the readmissions to hospitals we do a better job on using technology less tests,0,1,0
Xe-keAcLge05,the typical job description is sitting down with a financial fact finder and working with the person that is seeking financial advice,0,1,0
Dq7V30WhOJQ7,next review carefully what it is that you are going to give feedback on and then again give some really specific things that they could work on to improve or specific things that were really excellent and that you would like to see more of,0,1,0
gr9YU-UTJzQ2,and i think most great advertising is built on emotional resonance not necessarily rational benefits,0,1,0
Na6170hd8po3,that is one of the reasons why extemporaneous speaking is the best choice because its not too formal and its not too casual,1,0,0
26444611, and hes got a lot of uhh you know friends with him who kinda do much of the same,1,0,0
4HAC00EAdno11,in this case this happens at x and x since the denominator of the left hand side of the inequality is zero there,1,0,0
26190022, and especially when the father sails away to do science experiments and leaves nim all by herself,0,1,0
128121, umm its a very exciting film starring charlize theron and edward norton,1,0,0
2911211, and i have my ticket stub here for confessions of a shopaholic,1,0,0
j1m6ctAgjsM16, they have different quarterly meetings,0,1,0
DtbT85s3i941,but before we get into that lets talk about the arm path and hand separation ok,0,1,0
KLy4aBLqwCk13,you have a fixed amount of space and so you have to really carry stuff thats popular,0,1,0
6rkV4QRcVnk2,so i will give you guys a heads up when thats going to occur and you guys can close out of the video at that point,0,1,0
1087938, and umm they have three weeks to do it in,1,0,0
Ja7phs8EbWk6,i will only respond to concerns about miscalculations or other possible errors,0,1,0
EEjCkc82oyk11,if youve been arrested in las vegas or anywhere in the state of nevada call us at defense,0,1,0
yDIFWzOBjXc27,you no longer have to remember the category to which the task was assigned,1,0,0
25617413, unbelievable leaps of the imagination you have to suspend your disbelief like i dont know,1,0,0
6ywl-j2-e-s1,it may too be prompted by a violent context in which individuals fear for their life liberty and security,0,1,0
65kkuNV921k21,in your journey running for office you will not be immune to pressure from the press interest groups donors and voters,0,1,0
1304569, umm i really like how its done because if you watch this movie five times you will still not understand everything about it,1,0,0
2153181, this is rachel,1,0,0
OUjzDchhkIA6,so how do you know when you should actually pay for this advertising,0,1,0
2340469, theres a big sort of uhh conspiracy to unleash a bunch of demons from hell and umm keanu reeves is trying to stop this and umm rachel weiss plays a cop who sort of reluctantly agrees to help him basically reluctantly because she doesnt really believe him and he has an assistant who uhh the assistant has some pretty funny parts,1,0,0
IAubgwEiCcY7,for starters when youre dealing with a private company you will not only have access to every plan available under obamacare but you will also have many other plans from insurance carriers who are choosing to not participate in obamacare,0,1,0
QCR7uyowjhM9,what i found was that you can really repurpose the same content and its extremely rare when somebody says oh thats just that blog post you did a while back,1,0,0
X2Hs89fZ2-c3, so you should remember that arcmap is the componentthe main component of arcgis,0,1,0
E7ZLz3tSwNM1,if you want to start a foundation there are really two initial things that you want to consider,0,1,0
CHh6hWo1AFE2,remember the uproar when facebook starting messing with their privacy settings,0,1,0
2957938, i mean there was some funny parts umm ill ill stutter give it that,1,0,0
z441aDJvAcU1,we need to inject energy into the economy generate tomorrows jobs and make public money work harder,0,1,0
Jz1oMq6l-ZM10,doctors arent fully informed of the true risks of the drug,0,1,0
1021842, umm you know i was a big fan of the first so that they were done pretty well you know with sam raimi directing its pretty much you know the perfect choice you know for the for the stutter movies in that you know he didnt take them too seriously you know he knew how to joke around with the makeup kind of you know goofy and kind of like booky and that kind of thing and it really worked for the uhh first two,1,0,0
flv4by3RYVk9,google has to tell the eu today that theyre going to stop selfdirecting searches,0,1,0
2cwNG0YuwtQ1,a lot of people who are applying for a canadian visitor visa are nervous whether or not they will succeed,0,1,0
12805912, uhh special features is not so bad uhh you know,1,0,0
yEtfjJOMMCs3, thats what you should wear to the hearing,0,1,0
kU6YY2z7z0I4,and i also think we need to take a look at rates,0,1,0
12135810, it is frank herbert classic science fiction epic was made into a movie,1,0,0
9-EO2oCAGA47, the liberals say these protections aren’t needed,1,0,0
22577011, umm there are some haunting special features on this one umm some commentary some deleted scenes umm and some other featurettes,1,0,0
gEgcpVY8WK419, the court will hear the utah case on april  and the oklahoma case on april ,1,0,0
UcINGGuysBE7,building on a childs skills and strengths helps ensure theyre prepared for the changes that school brings,0,1,0
26639634, and he holds the movie up,1,0,0
2254166, umm it has really good cinematography and a really good visual style the guy who directed it umm jeanpierre jeunet im not sure if i pronounced his name properly i dont speak french so pardon me umm he also directed umm city of lost children and delicatessen and uhh amelie uhh which is a pretty good movie,1,0,0
KUVGWCTT5DU11,the rates maybe a little bit higher than a banking institution or they maybe comparable,1,0,0
MPRqaQqrd9Y7,if you dont have that information still which most people dont you can always contact your credit card company and they can give that information to you,0,1,0
2395727, trying to figure out how they worked and what to do with them,0,1,0
KPeos6f4HuQ3,so there are a couple of different places you can start,0,1,0
ge071m9bGeY3, amsterdam netherlands a new national museum the rijks museum officially opens,0,1,0
23458717, very very good movie,1,0,0
23405324, im going to give it five out of five stars,1,0,0
2575312, uhh this movies about something you rarely rarely hear about,1,0,0
n5MU2-GFjo84,in terms of treatment the most effective kinds of treatments is a combination of treatments,0,1,0
307636, theres sparks flying in this movie theyre just so good together,1,0,0
311971, this movies about a uhh unit of american soldiers during the vietnam war who have to defend this actually no they have to attack this hill and uhh try to remove the uhh north vietnamese from there,1,0,0
5206820, but uhh the karate kid iii starring umm you know ralph macchio and pat marita umm go take a look at it if you wanted to move keep on moving down the karate kid road,1,0,0
841764, umm this right here is hulk,1,0,0
RXcI6PK37lM5,mergers and acquisitions tender offers and financial restructuring transactions consists of  questions making up  of the score,0,1,0
PANWQeBKStk1,sixtytwo per cent of respondents are supportive of the idea of having a single identity card,0,1,0
OAV6KKf60bQ11,he is the one making doing the pushups right,0,1,0
-egA8-b7-3M2,in this video i share tips about exhibiting your services at an attorney conference,0,1,0
2392356, uhh and looking forward to watching it with my two year old as well,1,0,0
401817, where if you like that ending then youre probably good with this,1,0,0
YITXOmhQhYE3,well what they do around midnight the scripture says they start praying and singing hymns,1,0,0
1pl2FVdQWj05,now you are saying to yourself well why do i want to know everything if theyre going to tell me what they want me to say anyway,0,1,0
KEUVzxC7T3E8,and those defenses give us leverage when we are negotiating with the prosecutor or with the judge in getting your charge reduced or ideally getting your charge dismissed,1,0,0
CdB8QBhFccs6,i do i get it,1,0,0
970956, umm and going through all these action sequences and getting into all this trouble i mean its really really action packed,1,0,0
WBCRTcMJZZc6,financial assets range from basic things such as cash savings accounts checking accounts,0,1,0
1320284, umm the dvd however is quite good,1,0,0
981874, it was funny at the time,1,0,0
1390065, they basically have some type of virus that they have and then they bite people and then they infect people and then they all have you know the walking dead im gonna bite people umm virus and twentyeight days later explored that umm and it was set in england and this movies also set in in stutter the united kingdom and its basically that they sealed off after the first attack and umm america and the united nations are opening up great britain theyre cleaning up the mess umm because they think all the zombies have died or has been fire bombed and exterminated so they go umm try to bring resettle great britain with the people who survived and people who escaped,1,0,0
2442614, umm its a good movie its really weird and twisted but its a great movie,1,0,0
HMRqR-P68Ws12,there are many solutions and ive helped many thousands of women with vaginal infections overcome this problem with natural treatment,0,1,0
13063310, uhh the actors are great storyline is great,1,0,0
65kkuNV921k30,as long as you live you’ll be seeing your face when you look in the mirror,0,1,0
6q5uKCgairk2, this course is a way to further professionalize yourself even though its at the very end youre bringing together not only all this great work that youve done but youre bringing together all the relationships and things that youve had with you cohort  of your classmates,1,0,0
jFNgOznarMo10,if we can address the needs of education and health care of  million people in india and many of them dont get two square meals a day i think indias well on its way to becoming a leading nation of the world in many different ways,0,1,0
FHlzZ2VxuGQ10,you would benefit greatly if you called on the name of jesus and waited upon him and trusted him,1,0,0
b8xmgi4VV0M2,their first product measures tear film osmolarity for the diagnosis of dry eye disease,0,1,0
236562, now im a fan of harry potter ive seen all the harry potter movies,1,0,0
QJBQIOmG1CA1,e related questions and set them in a technical way ok dont bring in things that are your own opinions you know make sure that you know mamp,0,1,0
YWxvIFmYnNU11,if you’re talking about listing a house i always list with the realtor and i always do my paperwork with realtors,0,1,0
Rt9rN1ntS3E4, and possibly a talking exercise bike,0,1,0
gzYkdjNvPc11, teen trends used to be very isolated from runway trends but now with the rise of the internet and also access to cheap runway copies any potential business for these outdated teen retailers has sort of been absorbed by companies like hampm zara forever  and other online niche brands,0,1,0
702805, it actually came out about forty years and it was called a rear window and it starred jimmy stewart and he was confined to his house because his leg was broken and in general i think that is a much better movie than the movie i have just seen in theaters,1,0,0
7ifnoHhrMtA15,i honestly dont love the shoes that im wearing today but they could not be more comfortable and they look just fine for the purpose of this presentation,1,0,0
HAid0IEUoFQ6,but if an emergency does arise theres certain guidelines by which you can withdraw your money from a roth without penalty,1,0,0
L0WUuWYNeCo6, others place their money into risky investments to make up for all the years they didnt contribute to there super savings,1,0,0
2570453, its about family and love and drama and has some stutter comedy,1,0,0
uooIiW6dEyg2, what we want to do with the circular economy is to recycle waste to obtain raw materials and also make sure that products are designed to last and can be reused and recycled in order to have a higher value in their entire life cycle,0,1,0
ybK5wRaaUyE19,do whatever it takes to be severed from the world because without being severed from the world there is no way you can be righteous in the eyes of jesus,0,1,0
Fy0Uid9afM83,islamaphobia in france it is supposed to protect women from a religion that abuses them,0,1,0
OaWYjsS02fk6,we call it in thoughtpreneur academy and thought leadership we call it an ip snapshot to bring that to life,0,1,0
2160074, and yet they all come around into an incredibly tight plot and theme,1,0,0
MvEw24PU2Ac15,and theyre not paying off that experience and its not useful for me,0,1,0
9-K1CXCXui411, if they visit one page and bounce or visit one page and go somewhere else that affects your bounce rate,0,1,0
2732074, it is based on a short novel or novella written by steve martin,1,0,0
25926015, okay thats about it for the plot,1,0,0
356949, i think his name is matthew perry,1,0,0
Ua4g9q0r-dI28,thats a concise explanation of why you have a pain situation that you cannot work with,0,1,0
7042015, its pgthirteen meaning it cant be that scary,1,0,0
1A-aRhYx-GQ9,so i started doing some research because i just wasnt happy with where i was and i knew that i had to do some research to find a program or to find something that could really help me improve my vertical so that i’ll be able to dunk,0,1,0
3VsrcbjPwZY7,i cant tell you how many times ive seen speeches of introduction where the speaker had to do this so now ladies and gentlemen its a great pleasure to present bob smith great come on out bob,0,1,0
2282118, umm i really liked this movie and i would recommend it to everyone as uhh like whos a fan of musicals or is a fan of just jewish culture or who just wants to see a really good movie,1,0,0
22054813, the basis of the humor is the delivery of the line and how people sort of interact with each other,0,1,0
383746, its got a lot of music its got a lot dancing and uhh basically the fun never stops in the sun,1,0,0
36750614, umm and i really my favorite part of the movie is at the end when it has the umm shot into the future of what harry ron and hermione are going to be like in the future,1,0,0
FRKwvmrwrZA19,use a very very light moisturiser and a very light night cream,0,1,0
QE0pAVSPsKQ6,because you know speaking for all the independent filmmakers who have been nominated who are here and those who arent here but who did stories that kind of mean something you know,1,0,0
AIPqRuTjI4E16,youll notice on our site the numbering system under each of the products,0,1,0
UjqA6KVW2m83, i forgot im working out,0,1,0
ITQTVfk9Iqo1,before starting i have to say that i am going to be leaving a bunch of articles in the description box below so if you dont believe anything i say you can go and check that out,0,1,0
KEUVzxC7T3E4,we want to know all the factors that would cause there to be a falsely high reading on the blood test or the breath test,0,1,0
28256011, is he a good guy or bad guy he goes out and punches those who have done wrong basically by hunting them down and killing them,1,0,0
1981124, its like a big hit,1,0,0
KZzFCrEyKF08,they may not be consuming it over a traditional set but on line,1,0,0
gFAOKuqpUq416,these short videos provide an overview of a department or a major  they are not comprehensive,0,1,0
